{
  "IcoMoonType": "selection",
  "icons": [
    {
      "icon": {
        "paths": [
          "M512 950.857q-14.857 0-25.143-10.286l-356.571-344q-5.714-4.571-15.714-14.857t-31.714-37.429-38.857-55.714-30.571-69.143-13.429-78.857q0-125.714 72.571-196.571t200.571-70.857q35.429 0 72.286 12.286t68.571 33.143 54.571 39.143 43.429 38.857q20.571-20.571 43.429-38.857t54.571-39.143 68.571-33.143 72.286-12.286q128 0 200.571 70.857t72.571 196.571q0 126.286-130.857 257.143l-356 342.857q-10.286 10.286-25.143 10.286z"
        ],
        "width": 1023.999963760376,
        "attrs": [],
        "isMulticolor": false,
        "isMulticolor2": false,
        "tags": [
          "heart"
        ],
        "defaultCode": 61444,
        "grid": 14
      },
      "attrs": [],
      "properties": {
        "name": "heart2",
        "id": 4,
        "order": 2889,
        "prevSize": 32,
        "code": 61444
      },
      "setIdx": 0,
      "setId": 2,
      "iconIdx": 4
    },
    {
      "icon": {
        "paths": [
          "M649.714 573.714l174.857-169.714-241.143-35.429-108-218.286-108 218.286-241.143 35.429 174.857 169.714-41.714 240.571 216-113.714 215.429 113.714zM950.857 369.714q0 12.571-14.857 27.429l-207.429 202.286 49.143 285.714q0.571 4 0.571 11.429 0 28.571-23.429 28.571-10.857 0-22.857-6.857l-256.571-134.857-256.571 134.857q-12.571 6.857-22.857 6.857-12 0-18-8.286t-6-20.286q0-3.429 1.143-11.429l49.143-285.714-208-202.286q-14.286-15.429-14.286-27.429 0-21.143 32-26.286l286.857-41.714 128.571-260q10.857-23.429 28-23.429t28 23.429l128.571 260 286.857 41.714q32 5.143 32 26.286z"
        ],
        "width": 950.856954574585,
        "attrs": [],
        "isMulticolor": false,
        "isMulticolor2": false,
        "tags": [
          "star-o"
        ],
        "defaultCode": 61446,
        "grid": 14
      },
      "attrs": [],
      "properties": {
        "name": "star-o",
        "id": 6,
        "order": 2888,
        "prevSize": 32,
        "code": 61446
      },
      "setIdx": 0,
      "setId": 2,
      "iconIdx": 6
    },
    {
      "icon": {
        "paths": [
          "M964.73 178.804c-93.902-109.45-233.21-178.804-388.73-178.804-282.77 0-512 229.23-512 512s229.23 512 512 512c155.52 0 294.828-69.356 388.728-178.804l-324.728-333.196 324.73-333.196zM704 120.602c39.432 0 71.398 31.964 71.398 71.398 0 39.432-31.966 71.398-71.398 71.398s-71.398-31.966-71.398-71.398c0-39.432 31.966-71.398 71.398-71.398z"
        ],
        "tags": [
          "pacman",
          "game",
          "arcade"
        ],
        "defaultCode": 59670,
        "grid": 16,
        "attrs": []
      },
      "attrs": [],
      "properties": {
        "ligatures": "pacman, game2",
        "name": "pacman",
        "order": 2890,
        "id": 23,
        "prevSize": 32,
        "code": 59670
      },
      "setIdx": 1,
      "setId": 1,
      "iconIdx": 22
    },
    {
      "icon": {
        "paths": [
          "M321.008 1024c-68.246-142.008-31.902-223.378 20.55-300.044 57.44-83.956 72.244-167.066 72.244-167.066s45.154 58.7 27.092 150.508c79.772-88.8 94.824-230.28 82.782-284.464 180.314 126.012 257.376 398.856 153.522 601.066 552.372-312.532 137.398-780.172 65.154-832.85 24.082 52.676 28.648 141.85-20 185.126-82.352-312.276-285.972-376.276-285.972-376.276 24.082 161.044-87.296 337.144-194.696 468.73-3.774-64.216-7.782-108.528-41.55-169.98-7.58 116.656-96.732 211.748-120.874 328.628-32.702 158.286 24.496 274.18 241.748 396.622z"
        ],
        "tags": [
          "fire",
          "flame",
          "hot",
          "popular"
        ],
        "defaultCode": 59817,
        "grid": 16,
        "attrs": []
      },
      "attrs": [],
      "properties": {
        "ligatures": "fire, flame",
        "name": "fire",
        "order": 2891,
        "id": 170,
        "prevSize": 32,
        "code": 59817
      },
      "setIdx": 1,
      "setId": 1,
      "iconIdx": 169
    }
  ],
  "height": 1024,
  "metadata": {
    "name": "icomoon"
  },
  "preferences": {
    "showGlyphs": true,
    "showQuickUse": true,
    "showQuickUse2": true,
    "showSVGs": true,
    "fontPref": {
      "prefix": "icon-",
      "metadata": {
        "fontFamily": "icomoon",
        "majorVersion": 1,
        "minorVersion": 0
      },
      "metrics": {
        "emSize": 1024,
        "baseline": 6.25,
        "whitespace": 50
      },
      "embed": false,
      "showSelector": false,
      "cssVars": true,
      "showMetadata": false
    },
    "imagePref": {
      "prefix": "icon-",
      "png": true,
      "useClassSelector": true,
      "color": 0,
      "bgColor": 16777215,
      "classSelector": ".icon"
    },
    "historySize": 100,
    "showCodes": false,
    "gridSize": 16,
    "showLiga": false
  }
}